{
  "$schema": "https://schema.management.azure.com/schemas/2019-04-01/deploymentParameters.json#",
  "contentVersion": "1.0.0.0",
  "parameters": {
    "location": {
      "value": "eastus"
    },
    "namePrefix": {
      "value": "prod"
    },
    "adminUsername": {
      "value": "azureadmin"
    },
    "adminPassword": {
      "value": "YourStrongPasswordHere123!"
    },
    "vmSize": {
      "value": "Standard_D2s_v3"
    },
    "vnetAddress": {
      "value": "10.0.0.0/16"
    },
    "subnetPrefix": {
      "value": "10.0.0.0/24"
    }
  }
}
